-- Initial Strong Energy content for a fresh Supabase project.
-- Generated from src/content/generated/*.json by scripts/generate-supabase-seed.mjs.

insert into public.product_categories (slug, label_de, label_en, is_visible, sort_order)
values
  ('solaranlagen', 'Solaranlagen', 'Solar Systems', true, 1),
  ('gewerbespeicher-aio', 'All-in-One Gewerbespeicher', 'All-in-One Commercial Storage', true, 2),
  ('gewerbespeicher-container', 'Container Gewerbespeicher', 'Container Commercial Storage', false, 3),
  ('mobile-charging', 'Mobile Charging', 'Mobile Charging', true, 5)
on conflict (slug) do update set
  label_de = excluded.label_de,
  label_en = excluded.label_en,
  is_visible = excluded.is_visible,
  sort_order = excluded.sort_order;

insert into public.downloads (id, title_de, title_en, description_de, description_en, category, file_url_de, file_url_en, product_slugs, is_published, sort_order, created_at, updated_at)
values
  ('1eb9fa8a-0dfe-4b5b-8629-c062ec4cad8e', 'GPSR Richtlinie', '', null, null, 'Sonstiges', '/assets/downloads/1772651153575-gpsr-strong-energy-9ebffc8e.pdf', null, '{}'::text[], true, 0, '2026-03-04T19:06:13.028641+00:00', '2026-03-04T19:06:12.881+00:00'),
  ('fca9b03b-f7b3-49e9-a00e-6615c412186d', 'Alfred-10 Datenblatt', 'Alfred-10 Datasheet', null, null, 'Datenblatt', '/assets/downloads/1773071382647-datenblatt-strongenergy-alfred-de-20250903-1-1-32b3cbf8.pdf', '/assets/downloads/1773071409645-datasheet-strongenergy-alfred-en-20250903-1-7ad1b2ec.pdf', array['alfred-10']::text[], true, 0, '2026-03-09T15:50:33.779494+00:00', '2026-03-09T15:50:33.616+00:00'),
  ('a271df93-d491-4654-a7f8-4e530fcfee32', 'Alfred-10 Installationsanleitung', '', null, null, 'Installationsanleitung', '/assets/downloads/1773071703835-manual-strong-alfred-de-v1.3-20251014-a336027c.pdf', null, array['alfred-10']::text[], true, 0, '2026-03-09T15:55:15.628841+00:00', '2026-03-09T15:55:15.497+00:00'),
  ('50997b4e-aadf-422f-9f5a-c2b57ca3f5b6', 'Alfred-10 Firmware Update', '', null, null, 'Software', '/assets/downloads/1773071753230-firmwareupdate-strong-alfred-20241202-2a96742c.pdf', null, array['alfred-10']::text[], true, 0, '2026-03-09T15:55:57.784824+00:00', '2026-03-09T15:55:57.711+00:00'),
  ('b55e30bd-5271-435b-a22a-bb27ca1dd440', 'Alfred-10 Konformitätserklärung', '', null, null, 'Zertifikat', '/assets/downloads/1773071822131-konformitaet-fnn-batteriespeicher-strong-alfred-20250203-5605cd89.pdf', null, array['alfred-10']::text[], true, 0, '2026-03-09T15:57:06.969631+00:00', '2026-03-09T15:57:06.884+00:00'),
  ('6b0a8bd6-550c-4fb1-ad4e-a53a2c24e2cb', 'Alfred-10 Einheitenzertifikat', '', null, null, 'Zertifikat', '/assets/downloads/1773071889831-alfred-wechselrichter-einheiten-zertifikat-nas-zertifikat-20240524-dfe15de1.pdf', null, array['alfred-10']::text[], true, 0, '2026-03-09T15:58:12.408853+00:00', '2026-03-09T15:58:12.21+00:00'),
  ('f1573c8a-09e3-44da-b165-688c80a37543', 'AGB', '', null, null, 'Sonstiges', '/assets/downloads/1773072187540-agb-strongenergy-84b9952a.pdf', null, '{}'::text[], true, 0, '2026-03-09T16:03:10.396933+00:00', '2026-03-09T16:03:10.316+00:00'),
  ('11667020-0ccb-4282-b99b-5949297a9441', 'CE-Zertifikat (Smartmeter Chint DTSU666)', 'CE-Certificate (Smartmeter Chint DTSU666)', null, null, 'Zertifikat', '/assets/downloads/1773348097009-ce-zertifikat-smartmeter-chint-dtsu666-35d02062.pdf', '/assets/downloads/1773348099603-ce-zertifikat-smartmeter-chint-dtsu666-0692631a.pdf', array['hochvolt-bundle']::text[], true, 0, '2026-03-12T20:41:45.219354+00:00', '2026-03-12T20:41:44.643+00:00'),
  ('a593b66a-3bab-4f3d-bafa-3ac958052339', 'CE-Zertifikat (CVST-08K3P & CVT5ST-15K3P)', 'CE-Certificate (CVST-08K3P & CVT5ST-15K3P)', null, null, 'Zertifikat', '/assets/downloads/1773348148183-cvtxst-520k3p-inverter-multilanguage-doc-4b75d938.pdf', '/assets/downloads/1773348152661-cvtxst-520k3p-inverter-multilanguage-doc-dd00c279.pdf', array['hochvolt-bundle']::text[], true, 0, '2026-03-12T20:42:36.592489+00:00', '2026-03-12T20:42:36.452+00:00'),
  ('7da62462-b984-4b2c-91f7-5b646bea8ced', 'Einheitenzertifikat', 'Unit certificate', null, null, 'Zertifikat', '/assets/downloads/1773348180756-vde4105-eze-cert-cvtxst-5-20k3p-c2b7de45.pdf', '/assets/downloads/1773348185166-vde4105-eze-cert-cvtxst-5-20k3p-4dd47399.pdf', array['hochvolt-bundle']::text[], true, 0, '2026-03-12T20:43:09.361747+00:00', '2026-03-12T20:44:17.091+00:00'),
  ('71f6a68a-debf-48cc-9374-1bd137b2e213', 'Zertifikat für den Netz- und Anlagenschutz', 'Certificate of NS protection', null, null, 'Zertifikat', '/assets/downloads/1773348238299-vde4105-nas-cer-cvtxst-5-20k3p-d7d11984.pdf', '/assets/downloads/1773348240788-vde4105-nas-cer-cvtxst-5-20k3p-f973dba6.pdf', array['hochvolt-bundle']::text[], true, 0, '2026-03-12T20:44:04.346645+00:00', '2026-03-12T20:44:23.795+00:00'),
  ('318bc20e-3f60-4a6e-914e-d8164a9eef0d', 'Datenblatt (CVT3ST-08K3P & CVT5ST-15K3P)', '', null, null, 'Datenblatt', '/assets/downloads/1773348301962-datenblatt-cvst-08k3p-cvt5st-15k3p-200424-oktober-24-bac1b646.pdf', null, array['hochvolt-bundle']::text[], true, 0, '2026-03-12T20:45:05.012826+00:00', '2026-03-12T20:45:04.912+00:00'),
  ('ad4a4215-634b-4c04-b21d-d1b6cb0b6ff8', 'CE-Zertifikat (CRN*ST)', 'CE-Certificate (CRN*ST)', null, null, 'Zertifikat', '/assets/downloads/1773348407075-cr03st-4.7kwh-hess-battery-multilanguage-doc-issue-1-16dc1b67.pdf', null, array['hochvolt-bundle']::text[], true, 0, '2026-03-12T20:46:51.284673+00:00', '2026-03-12T20:46:51.19+00:00'),
  ('289a0cb9-bef6-40b0-ad43-c4d135653b72', 'Datenblatt (CRNxST)', '', null, null, 'Datenblatt', '/assets/downloads/1773348459061-datenblatt-hv-crnxst-200424-05eab29f.pdf', null, array['hochvolt-bundle']::text[], true, 0, '2026-03-12T20:47:42.767628+00:00', '2026-03-12T20:47:42.671+00:00'),
  ('3e568e7f-a2e9-4fdb-88ae-886c7c9fb347', 'Star H Datenblatt', '', null, null, 'Datenblatt', '/assets/downloads/datenblatt-star-h-1-front-neu-300326-62eba05e.pdf', null, array['star-h']::text[], true, 0, '2026-03-12T19:47:19.644463+00:00', '2026-03-30T11:48:32.157222+00:00'),
  ('e5698030-38c4-4696-a837-4e6163425859', 'Anleitung (CRN2ST-9.4KWH, CRN3ST-14KWH, CRN4ST-18.8KWH & CRN5ST-23.5KWH)', '', null, null, 'Installationsanleitung', '/assets/downloads/1773389387818-anleitung-deutsch-strong-crnxst-hv-batterie-v1.3-d03bf594.pdf', null, array['hochvolt-bundle']::text[], true, 0, '2026-03-12T20:47:17.554033+00:00', '2026-03-13T08:09:51.772+00:00'),
  ('f744e056-a9c7-4bf8-932c-c13d791b39d4', 'Anleitung (CVST-08K3P & CVT5ST-15K3P)', '', null, null, 'Installationsanleitung', '/assets/downloads/1773389403117-anleitung-deutsch-strong-cvtxst-xxk3p-v1.4-02bf411b.pdf', null, array['hochvolt-bundle']::text[], true, 0, '2026-03-12T20:45:36.358752+00:00', '2026-03-13T08:10:07.665+00:00'),
  ('af36b8f8-4fd2-42b4-85d0-3bb3f9695072', 'Hochvolt Bundle Datenblatt', '', null, null, 'Datenblatt', '/assets/downloads/1773389423501-datenblatt-strongenergy-hv-bundle-de-20250903-d81e2c78.pdf', null, array['hochvolt-bundle']::text[], true, 0, '2026-03-12T20:38:47.198516+00:00', '2026-03-13T08:10:30.661+00:00'),
  ('16d4376f-4135-4f26-81e6-19ca7efcb327', 'Star Q Datenblatt', '', null, null, 'Datenblatt', '/assets/downloads/datenblatt-star-q-1-front-neu-300326-79a475ce.pdf', null, array['star-q']::text[], true, 0, '2026-03-12T19:47:31.624835+00:00', '2026-03-30T11:45:48.680407+00:00'),
  ('5e49dace-f8da-4fca-a0cd-b2413eae4c03', 'Garantiebedingungen Portable Powerstations', 'Warranty Terms Portable Power Stations', null, null, 'Garantie', '/assets/downloads/garantiebedingungen-portables-ger-maerz-2025-680a0cd6.pdf', '/assets/downloads/warranty-portable-products-eng-march-2025-55f1b0b5.pdf', '{}'::text[], true, 0, '2026-04-15T13:49:43.095472+00:00', '2026-04-15T13:49:43.095472+00:00'),
  ('b6230b0d-ab42-409b-ad7c-50cdea0b5b18', 'Garantiebedingungen', '', null, null, 'Garantie', '/assets/downloads/1773072135060-garantiebedingungen-solaranlagen-01-25-6d3e5e69.pdf', null, '{}'::text[], true, 0, '2026-03-09T16:02:19.156089+00:00', '2026-03-09T16:02:18.955+00:00'),
  ('733717da-e8f5-44ea-9bd5-56132f92f33c', 'CP05ST-3000W - Benutzerhandbuch', 'CP05ST-3000W - User Manual', null, null, 'Installationsanleitung', null, '/assets/downloads/strong-cp05st-3000w-pes-user-manual-7f606650.pdf', array['cp05st-3000w']::text[], true, 0, '2026-04-15T15:35:26.744199+00:00', '2026-04-15T15:35:26.744199+00:00'),
  ('e65f4e59-cb68-46c7-89a2-da7a3f093e24', 'Portable Power Stations - Betriebsanleitung', 'Portable Power Stations - User Manual', null, null, 'Installationsanleitung', '/assets/downloads/portable-power-stations-betriebsanleitung-85b6ba20.pdf', null, array['cp01st-300w', 'cp02st-500w', 'cp03st-800w', 'cp05st-3000w']::text[], true, 0, '2026-04-15T15:47:46.8675+00:00', '2026-04-15T15:47:46.8675+00:00'),
  ('9cfff071-ab42-4c56-8acc-23f66dc327f8', 'Alfred-10 Produktbroschüre', 'Alfred-10 Product Brochure', null, null, 'Broschüre', '/assets/downloads/1773071539349-alfred-product-brochure-ger-250320-a4-3mm-9c17bfae.pdf', '/assets/downloads/1773071542278-alfred-product-brochure-eng-0425-ed12fc07.pdf', array['alfred-10']::text[], true, 0, '2026-03-09T15:52:30.57189+00:00', '2026-06-12T14:18:24.849+00:00'),
  ('9c492a6d-3ea8-4fc0-9bbe-b3f4fd781161', 'STRONG Energy Residential & Portable Brochure 2026 (International)', 'STRONG Energy Residential & Portable Brochure 2026 (International)', null, null, 'Strong Energy Products 2026 - International', '/assets/downloads/strong-energy-residential-portable-brochure-2026-international-e743b6bf.pdf', '/assets/downloads/strong-energy-residential-portable-brochure-2026-international-e743b6bf.pdf', '{}'::text[], true, 0, '2026-06-19T12:43:57.102303+00:00', '2026-06-19T12:43:56.589+00:00'),
  ('5449b12a-6d63-47f2-9d61-4cc3d9e50032', 'STRONG Energy C&I Product Brochure 2026 (Intermational)', 'STRONG Energy C&I Product Brochure 2026 (Intermational)', null, null, 'Strong Energy Products 2026 - International', '/assets/downloads/strong-energy-c-i-product-brochure-2026-intermational-c7852ff5.pdf', '/assets/downloads/strong-energy-c-i-product-brochure-2026-intermational-c7852ff5.pdf', '{}'::text[], true, 0, '2026-06-19T12:46:09.986718+00:00', '2026-06-19T12:46:09.565+00:00'),
  ('8a1d0df7-bfbe-48c0-942f-5064ed9fb84a', 'Portable Power Stations Produktkatalog', 'Portable Power Stations Product Catalog', 'Portable Power Stations Produktkatalog', 'Portable Power Stations Product Catalog', 'Broschüre', '/assets/downloads/cp05st-3000w-produktkatalog-58a481c2.pdf', null, array['cs03st-160w']::text[], true, 10, '2026-04-15T10:49:52.393742+00:00', '2026-04-15T10:49:52.393742+00:00'),
  ('a3ce6fbc-8ad0-46f3-b2e0-89cd3ce794f6', 'Portable Power Stations Produktkatalog', 'Portable Power Stations Product Catalog', 'Portable Power Stations Produktkatalog', 'Portable Power Stations Product Catalog', 'Broschüre', '/assets/downloads/cp05st-3000w-produktkatalog-58a481c2.pdf', null, array['cp03st-800w']::text[], true, 10, '2026-04-15T10:40:52.060413+00:00', '2026-04-15T10:40:52.060413+00:00'),
  ('3f97de10-1497-48f2-b931-c751e979f9c7', 'Portable Power Stations Produktkatalog', 'Portable Power Stations Product Catalog', 'Portable Power Stations Produktkatalog', 'Portable Power Stations Product Catalog', 'Broschüre', '/assets/downloads/cp05st-3000w-produktkatalog-58a481c2.pdf', null, array['cs02st-100w']::text[], true, 10, '2026-04-15T10:49:52.393742+00:00', '2026-04-15T10:49:52.393742+00:00'),
  ('97a42275-5947-455f-9b28-31ffac2a4bb6', 'Portable Power Stations Produktkatalog', 'Portable Power Stations Product Catalog', 'Portable Power Stations Produktkatalog', 'Portable Power Stations Product Catalog', 'Broschüre', '/assets/downloads/cp05st-3000w-produktkatalog-58a481c2.pdf', null, array['cp02st-500w']::text[], true, 10, '2026-04-15T10:44:31.72771+00:00', '2026-04-15T10:44:31.72771+00:00'),
  ('282402bd-57de-4e98-9af0-eb8564d6a1f8', 'CP05ST-3000W Produktkatalog', 'CP05ST-3000W Product Catalog', 'Portable Power Stations Produktkatalog', 'Portable Power Stations Product Catalog', 'Broschüre', '/assets/downloads/cp05st-3000w-produktkatalog-58a481c2.pdf', null, array['cp05st-3000w']::text[], true, 10, '2026-04-15T09:57:54.665397+00:00', '2026-04-15T09:57:54.665397+00:00'),
  ('bbe7573d-f260-425b-a912-d420b1433860', 'Portable Power Stations Produktkatalog', 'Portable Power Stations Product Catalog', 'Portable Power Stations Produktkatalog', 'Portable Power Stations Product Catalog', 'Broschüre', '/assets/downloads/cp05st-3000w-produktkatalog-58a481c2.pdf', null, array['cp01st-300w']::text[], true, 10, '2026-04-15T10:46:04.76648+00:00', '2026-04-15T10:46:04.76648+00:00'),
  ('967311ec-22d5-4ce1-9f7d-aee6bee46cfa', 'CP05ST-3000W Konformitätserklärung', 'CP05ST-3000W Declaration of Conformity', 'EU-Konformitätserklärung (DoC)', 'EU Declaration of Conformity (DoC)', 'Zertifikat', '/assets/downloads/cp05st-3000w-doc-aa7f9c20.pdf', '/assets/downloads/cp05st-3000w-doc-aa7f9c20.pdf', array['cp05st-3000w']::text[], true, 11, '2026-04-15T09:57:54.665397+00:00', '2026-04-15T09:57:54.665397+00:00'),
  ('53acbafc-299c-4fad-96f2-db36912caee0', 'Solarpanel Konformitätserklärung', 'Solar Panel Declaration of Conformity', 'EU-Konformitätserklärung (DoC) für CS02ST-100W & CS03ST-160W', 'EU Declaration of Conformity (DoC) for CS02ST-100W & CS03ST-160W', 'Zertifikat', '/assets/downloads/cs02st-cs03st-doc-973bbf72.pdf', '/assets/downloads/cs02st-cs03st-doc-973bbf72.pdf', array['cs02st-100w']::text[], true, 11, '2026-04-15T10:49:52.393742+00:00', '2026-04-15T10:49:52.393742+00:00'),
  ('c35b6550-d75d-426f-930d-5f09855b2104', 'Solarpanel Konformitätserklärung', 'Solar Panel Declaration of Conformity', 'EU-Konformitätserklärung (DoC) für CS02ST-100W & CS03ST-160W', 'EU Declaration of Conformity (DoC) for CS02ST-100W & CS03ST-160W', 'Zertifikat', '/assets/downloads/cs02st-cs03st-doc-973bbf72.pdf', '/assets/downloads/cs02st-cs03st-doc-973bbf72.pdf', array['cs03st-160w']::text[], true, 11, '2026-04-15T10:49:52.393742+00:00', '2026-04-15T10:49:52.393742+00:00'),
  ('7b12676e-acff-493b-bae4-04e5a9b877af', 'CP01ST-300W Konformitätserklärung', 'CP01ST-300W Declaration of Conformity', 'EU-Konformitätserklärung (DoC)', 'EU Declaration of Conformity (DoC)', 'Zertifikat', '/assets/downloads/cp01st-300w-doc-10a96381.pdf', '/assets/downloads/cp01st-300w-doc-10a96381.pdf', array['cp01st-300w']::text[], true, 11, '2026-04-15T10:46:04.76648+00:00', '2026-04-15T10:46:04.76648+00:00'),
  ('e23a9c5d-dbd8-4e8e-aa30-388b83dcb973', 'CP03ST-800W Konformitätserklärung', 'CP03ST-800W Declaration of Conformity', 'EU-Konformitätserklärung (DoC)', 'EU Declaration of Conformity (DoC)', 'Zertifikat', '/assets/downloads/cp03st-800w-doc-ed74a2b7.pdf', '/assets/downloads/cp03st-800w-doc-ed74a2b7.pdf', array['cp03st-800w']::text[], true, 11, '2026-04-15T10:40:52.060413+00:00', '2026-04-15T10:40:52.060413+00:00'),
  ('2e61f0bd-9df5-4ec6-9bda-7ccd0760111f', 'CP02ST-500W Konformitätserklärung', 'CP02ST-500W Declaration of Conformity', 'EU-Konformitätserklärung (DoC)', 'EU Declaration of Conformity (DoC)', 'Zertifikat', '/assets/downloads/cp02st-500w-doc-769fc8a4.pdf', '/assets/downloads/cp02st-500w-doc-769fc8a4.pdf', array['cp02st-500w']::text[], true, 11, '2026-04-15T10:44:31.72771+00:00', '2026-04-15T10:44:31.72771+00:00')
on conflict (id) do update set
  title_de = excluded.title_de,
  title_en = excluded.title_en,
  description_de = excluded.description_de,
  description_en = excluded.description_en,
  category = excluded.category,
  file_url_de = excluded.file_url_de,
  file_url_en = excluded.file_url_en,
  product_slugs = excluded.product_slugs,
  is_published = excluded.is_published,
  sort_order = excluded.sort_order,
  updated_at = excluded.updated_at;

insert into public.media_categories (id, name_de, name_en, sort_order, created_at, parent_id)
values
  ('c1e017e6-c9f3-4414-b80c-421e93bdb0b8', 'Alfred-10', 'Alfred-10', 0, '2026-03-12T20:10:47.986604+00:00', null),
  ('447a5ca7-a145-4a1f-ad61-f7961aae4fa3', 'Intersolar 2025', 'Intersolar 2025', 0, '2026-03-12T20:09:33.623741+00:00', null),
  ('849a050b-c76e-4141-8952-cddbf4516241', 'T&S Solar Installation ALFRED', 'T&S Solar Installation ALFRED', 0, '2026-03-12T19:57:00.245341+00:00', null),
  ('76919dbb-6972-4822-acf2-7f38fafdf70c', 'Videos', 'Videos', 0, '2026-03-12T20:08:56.768077+00:00', null),
  ('c4ed887e-8599-45db-85b8-8d75597fa3c3', 'Endkunde ALFRED 10 (24kWh)', 'Customer ALFRED 10 (24kWh)', 1, '2026-03-12T19:58:20.978647+00:00', null),
  ('f4e0b8f9-97e1-48de-be2c-41fc84eb796f', 'Installationen', 'Installations', 1, '2026-03-12T20:05:15.371144+00:00', null),
  ('caea32cc-4892-411f-a3d2-f2700c90c1f4', 'Intersolar 2024', 'Intersolar 2024', 1, '2026-03-12T20:09:43.23801+00:00', null),
  ('ffaf4654-e6b0-4335-9fd9-13c3b17e8473', 'Endkunde mit ALFRED 24 kWh und IDM Wärmepumpe', 'End customer with ALFRED 24 kWh and IDM heat pump', 2, '2026-03-20T10:17:38.483224+00:00', null),
  ('11a04997-b7f6-4af7-9329-3d54fda15d41', 'Schulungen', 'Workshops', 2, '2026-03-12T20:09:56.416425+00:00', null),
  ('38c686d2-122e-4f93-af55-9f5cbeeeb13b', 'Test Center', 'Test Center', 2, '2026-03-12T20:09:05.233082+00:00', null),
  ('f3d07314-fe64-4a83-9e52-deb4e807b95c', 'Events', 'Events', 3, '2026-03-12T20:09:17.764655+00:00', null),
  ('0b93258a-855d-4008-bf04-21b274e9f8fd', 'Team Meetings', 'Team Meetings', 3, '2026-03-12T20:10:06.448664+00:00', null),
  ('100bcb78-5a09-4ad7-9ab5-40b38cc72782', 'Weitere Installationen', 'Further installations', 3, '2026-03-12T20:01:03.032077+00:00', null),
  ('e5c90f87-f377-484d-9a7e-dcb5dd45fd3c', 'Presse Artikel', 'Press Articles', 4, '2026-03-12T20:10:23.104462+00:00', null),
  ('6550e969-ee30-41ce-b6a7-6b23fb0c1ba9', 'Produktbilder', 'Product Pictures', 5, '2026-03-12T20:10:39.063183+00:00', null)
on conflict (id) do update set
  name_de = excluded.name_de,
  name_en = excluded.name_en,
  sort_order = excluded.sort_order;

update public.media_categories set parent_id = '6550e969-ee30-41ce-b6a7-6b23fb0c1ba9' where id = 'c1e017e6-c9f3-4414-b80c-421e93bdb0b8';
update public.media_categories set parent_id = 'f3d07314-fe64-4a83-9e52-deb4e807b95c' where id = '447a5ca7-a145-4a1f-ad61-f7961aae4fa3';
update public.media_categories set parent_id = 'f4e0b8f9-97e1-48de-be2c-41fc84eb796f' where id = '849a050b-c76e-4141-8952-cddbf4516241';
update public.media_categories set parent_id = 'f4e0b8f9-97e1-48de-be2c-41fc84eb796f' where id = 'c4ed887e-8599-45db-85b8-8d75597fa3c3';
update public.media_categories set parent_id = 'f3d07314-fe64-4a83-9e52-deb4e807b95c' where id = 'caea32cc-4892-411f-a3d2-f2700c90c1f4';
update public.media_categories set parent_id = 'f4e0b8f9-97e1-48de-be2c-41fc84eb796f' where id = 'ffaf4654-e6b0-4335-9fd9-13c3b17e8473';
update public.media_categories set parent_id = 'f3d07314-fe64-4a83-9e52-deb4e807b95c' where id = '11a04997-b7f6-4af7-9329-3d54fda15d41';
update public.media_categories set parent_id = 'f3d07314-fe64-4a83-9e52-deb4e807b95c' where id = '0b93258a-855d-4008-bf04-21b274e9f8fd';
update public.media_categories set parent_id = 'f4e0b8f9-97e1-48de-be2c-41fc84eb796f' where id = '100bcb78-5a09-4ad7-9ab5-40b38cc72782';

insert into public.media_items (id, title_de, title_en, description_de, description_en, category_id, media_type, file_url, video_url, thumbnail_url, product_slugs, is_published, sort_order, created_at, updated_at)
values
  ('ca7f4fda-b01e-4766-8857-9c00084941ed', '1 Endkunde mit ALFRED 24 kWh und IDM Wärmepumpe', '', null, null, 'ffaf4654-e6b0-4335-9fd9-13c3b17e8473', 'image', '/assets/media/1774002106471-image-27-72e675bc.jfif', null, null, '{}'::text[], true, 0, '2026-03-20T10:22:12.012504+00:00', '2026-03-20T10:26:57.115+00:00'),
  ('35dc958c-ad18-4a76-9300-d31c5d98cc74', '2 Endkunde mit ALFRED 24 kWh und IDM Wärmepumpe', '', null, null, 'ffaf4654-e6b0-4335-9fd9-13c3b17e8473', 'image', '/assets/media/1774002325837-image-28-ce9c0c77.jfif', null, null, '{}'::text[], true, 0, '2026-03-20T10:25:31.359511+00:00', '2026-03-20T10:27:07.418+00:00'),
  ('f24feffb-b051-41e9-918b-d9224db8a372', '3 Endkunde mit ALFRED 24 kWh und IDM Wärmepumpe', '', null, null, 'ffaf4654-e6b0-4335-9fd9-13c3b17e8473', 'image', '/assets/media/1774002334225-image-30-e136b8b7.jfif', null, null, '{}'::text[], true, 0, '2026-03-20T10:25:37.088881+00:00', '2026-03-20T10:27:11.364+00:00'),
  ('fdcdc395-5aec-412d-bf22-9b21fc6aea49', '4 Endkunde mit ALFRED 24 kWh und IDM Wärmepumpe', '', null, null, 'ffaf4654-e6b0-4335-9fd9-13c3b17e8473', 'image', '/assets/media/1774002360611-image-31-eb62e0d3.jfif', null, null, '{}'::text[], true, 0, '2026-03-20T10:26:03.779102+00:00', '2026-03-20T10:27:15.386+00:00'),
  ('d34a3476-c733-41ef-8db2-b9620319c2d7', '5 Endkunde mit ALFRED 24 kWh und IDM Wärmepumpe', '', null, null, 'ffaf4654-e6b0-4335-9fd9-13c3b17e8473', 'image', '/assets/media/1774002541233-image-35-65b63f56.jfif', null, null, '{}'::text[], true, 0, '2026-03-20T10:29:08.793381+00:00', '2026-03-20T10:29:25.994+00:00'),
  ('6f9fc6fe-2a88-47e6-aa3a-bec3c867edea', '6 Endkunde mit ALFRED 24 kWh und IDM Wärmepumpe', '', null, null, 'ffaf4654-e6b0-4335-9fd9-13c3b17e8473', 'image', '/assets/media/1774002370514-image-32-5e25c37f.jfif', null, null, '{}'::text[], true, 0, '2026-03-20T10:26:12.091123+00:00', '2026-03-20T10:27:24.153+00:00'),
  ('d2d14f54-3cfe-4bca-8500-21241c96342f', '7 Endkunde mit ALFRED 24 kWh und IDM Wärmepumpe', '', null, null, 'ffaf4654-e6b0-4335-9fd9-13c3b17e8473', 'image', '/assets/media/1774002378893-image-33-3db1620f.jfif', null, null, '{}'::text[], true, 0, '2026-03-20T10:26:20.081319+00:00', '2026-03-20T10:27:27.346+00:00'),
  ('6d4e665d-2acd-47e7-90b9-aa10f13e1329', '8 Endkunde mit ALFRED 24 kWh und IDM Wärmepumpe', '', null, null, 'ffaf4654-e6b0-4335-9fd9-13c3b17e8473', 'image', '/assets/media/1774002385127-image-34-86bc82a0.jfif', null, null, '{}'::text[], true, 0, '2026-03-20T10:26:26.463486+00:00', '2026-03-20T10:27:32.994+00:00'),
  ('493a76e7-cd87-40e6-8295-105b23bf23f5', 'ALFRED Installation mit Timothy Weltner (Train the Trainer)', 'ALFRED Installation with Timothy Weltner (Train the Trainer)', null, null, '76919dbb-6972-4822-acf2-7f38fafdf70c', 'video', null, 'https://strong-energy.wistia.com/medias/04qdxr8utn', '/assets/media/e86809ec3ce30e6efb420d5d708bdbc9dc4fb567-06f08e69.jpg', array['alfred-10']::text[], true, 0, '2026-03-12T20:18:00.180831+00:00', '2026-03-12T20:24:12.451+00:00'),
  ('06d6564d-11ce-429b-81e7-ca590d782592', 'ALFRED Installation vor Ort mit T&S Solar', 'ALFRED Installation with T&S Solar', null, null, '76919dbb-6972-4822-acf2-7f38fafdf70c', 'video', null, 'https://strong-energy.wistia.com/medias/djbxdlf4iv', '/assets/media/76a00242c6b816485b2726c57f6908a3ebe13a16-6f3b0f41.jpg', array['alfred-10']::text[], true, 0, '2026-03-12T20:23:59.893974+00:00', '2026-03-12T20:23:59.586+00:00'),
  ('b7de208e-c75f-4812-b5fa-cf63b4a42592', 'ALFRED Produktvideo', 'ALFRED Productvideo', null, null, '76919dbb-6972-4822-acf2-7f38fafdf70c', 'video', null, 'https://strong-energy.wistia.com/medias/7n7w3laeir', '/assets/media/0ee5526152f80f8e55edb3cd98feed95d922035a-5d680000.jpg', '{}'::text[], true, 0, '2026-03-12T20:25:01.281798+00:00', '2026-03-12T20:25:01.071+00:00'),
  ('9d94c138-9590-4fc7-9158-484710509521', 'Besuch bei Alfred', 'Visit at Alfred', null, null, '76919dbb-6972-4822-acf2-7f38fafdf70c', 'video', null, null, '/assets/media/besuch-bei-alfred-1-thumb-d50740ea.jpg', '{}'::text[], true, 0, '2026-04-24T15:01:33.40703+00:00', '2026-04-24T15:01:33.40703+00:00'),
  ('e035baf0-ce0d-409a-89e5-d5b44b84a00c', 'CNTE Gewerbespeicher powered by Strong Energy', 'CNTE Commercials powered by Strong Energy', null, null, '76919dbb-6972-4822-acf2-7f38fafdf70c', 'video', null, 'https://strong-energy.wistia.com/medias/ue6ww2wrn6', '/assets/media/266a48485cde6260253b29f68462207c6271f720-3c766852.jpg', '{}'::text[], true, 0, '2026-03-12T20:25:50.204815+00:00', '2026-03-12T20:25:50.02+00:00'),
  ('663ace86-438f-4958-9db7-774a84bd1e4e', 'Happy Kunden ALFRED', 'Happy Customers ALFRED', null, null, null, 'video', null, 'https://strong-energy.wistia.com/medias/xoyodua44o', '/assets/media/0275ae189cc0924671db194c8e52c614a13bbc5a-3be2bc20.jpg', array['alfred-10']::text[], true, 0, '2026-03-12T20:27:03.115589+00:00', '2026-03-12T20:27:02.952+00:00'),
  ('39806939-e57a-4a09-b645-56e97d3ab840', 'INTERSOLAR 2024', 'INTERSOLAR 2024', null, null, '76919dbb-6972-4822-acf2-7f38fafdf70c', 'video', null, 'https://strong-energy.wistia.com/medias/dlpeb8st4m', '/assets/media/78562f901966fe8b4d9bb989ee29f18d-ec9c537b.jpg', '{}'::text[], true, 0, '2026-03-12T20:26:40.653914+00:00', '2026-03-12T20:26:40.534+00:00'),
  ('8d27092f-29ac-4a30-808f-91b09c0d4f7e', 'INTERSOLAR 2025', 'INTERSOLAR 2025', null, null, '76919dbb-6972-4822-acf2-7f38fafdf70c', 'video', null, 'https://strong-energy.wistia.com/medias/8yptivq5up', '/assets/media/c17ba4c5a55206d79b47564dca5406954266ef6c-1bb286ed.jpg', '{}'::text[], true, 0, '2026-03-12T20:26:14.529099+00:00', '2026-03-12T20:26:14.426+00:00'),
  ('4f220a4a-9174-4f52-9198-131eb9cfdd7d', 'ALFRED 07', 'ALFRED 07', null, null, 'c1e017e6-c9f3-4414-b80c-421e93bdb0b8', 'image', '/assets/media/1773354598060-alfred07-scaled-d59fd3f8.jpg', null, null, array['alfred', 'alfred-10']::text[], true, 1, '2026-03-12T20:13:21.950271+00:00', '2026-03-12T20:13:21.950271+00:00'),
  ('0c058857-1407-4298-8c78-f34d5581fcde', 'ALFRED 10-24 kWh (8)', 'ALFRED 10-24 kWh (8)', null, null, 'c4ed887e-8599-45db-85b8-8d75597fa3c3', 'image', '/assets/media/1773354593385-alfred-10-24-kwh-8-576x1024-3c3a7e06.jpg', null, null, '{}'::text[], true, 1, '2026-03-12T19:59:45.832044+00:00', '2026-03-12T19:59:45.832044+00:00'),
  ('e04632da-ebf0-40cd-9376-72ff50551029', 'IMG_7601', 'IMG_7601', null, null, '100bcb78-5a09-4ad7-9ab5-40b38cc72782', 'image', '/assets/media/1773354595415-img-7601-08205929.webp', null, null, '{}'::text[], true, 1, '2026-03-12T20:01:54.588466+00:00', '2026-03-12T20:01:54.588466+00:00'),
  ('901b4857-6565-4bf5-b86b-e993bc5010bc', 'IMG_8940', 'IMG_8940', null, null, '849a050b-c76e-4141-8952-cddbf4516241', 'image', '/assets/media/1773354589562-img-8940-scaled-46b4106b.webp', null, null, '{}'::text[], true, 1, '2026-03-12T19:57:53.657533+00:00', '2026-03-12T19:57:53.657533+00:00'),
  ('2226c490-1003-4b6a-a9bd-c53c8bf6076b', 'Intersolar 2024 - 1', 'Intersolar 2024 - 1', null, null, 'caea32cc-4892-411f-a3d2-f2700c90c1f4', 'image', '/assets/media/1773354610565-0i9a4666-683x1024-a30154b1.webp', null, null, '{}'::text[], true, 1, '2026-03-12T20:32:19.486098+00:00', '2026-03-12T20:32:19.486098+00:00'),
  ('4e4e9a25-7201-47f4-a3af-28b722465d8c', 'Intersolar 2025 - 1', 'Intersolar 2025 - 1', null, null, '447a5ca7-a145-4a1f-ad61-f7961aae4fa3', 'image', '/assets/media/1773354606562-img-9461-scaled-14006e01.webp', null, null, '{}'::text[], true, 1, '2026-03-12T20:31:15.046899+00:00', '2026-03-12T20:31:15.046899+00:00'),
  ('e174237f-7ca8-4d61-a5f4-dc63cbf0abd5', 'PV Magazine Mai 2025 – Artikel ALFRED', 'PV Magazine May 2025 – Article ALFRED', null, null, 'e5c90f87-f377-484d-9a7e-dcb5dd45fd3c', 'image', '/assets/media/1773354597267-pv-magazine-mai-2025-artikel-alfred-e1749224257606-ceed45e4.jpg', null, null, '{}'::text[], true, 1, '2026-03-12T20:11:45.945947+00:00', '2026-03-12T20:11:45.945947+00:00'),
  ('43d23ff5-45b8-4c76-a346-302d33b78861', 'Schulung Köln 2025 - 1', 'Training Cologne 2025 - 1', null, null, '11a04997-b7f6-4af7-9329-3d54fda15d41', 'image', '/assets/media/1773354613504-167d1e1c-0909-4f72-8cc7-fab8afb1a291-58fdc896.webp', null, null, '{}'::text[], true, 1, '2026-03-12T20:34:32.582718+00:00', '2026-03-12T20:34:32.582718+00:00'),
  ('73d1d3e5-46a3-4595-af74-0cc58cfa37f7', 'Team Meeting 1', 'Team Meeting 1', null, null, '0b93258a-855d-4008-bf04-21b274e9f8fd', 'image', '/assets/media/1773354614888-img-7909-1024x768-cfbf8896.webp', null, null, '{}'::text[], true, 1, '2026-03-12T20:34:56.812825+00:00', '2026-03-12T20:34:56.812825+00:00'),
  ('ce8779c9-6721-4896-88a7-21611a3e8343', 'Test Center 1', 'Test Center 1', null, null, '38c686d2-122e-4f93-af55-9f5cbeeeb13b', 'image', '/assets/media/1773354603336-20240411-152017-scaled-e1749223810332-f086ee2a.webp', null, null, '{}'::text[], true, 1, '2026-03-12T20:30:03.554316+00:00', '2026-03-12T20:30:03.554316+00:00'),
  ('e584731b-7449-4681-b07a-a630cd516aa4', 'ALFRED 06V', 'ALFRED 06V', null, null, 'c1e017e6-c9f3-4414-b80c-421e93bdb0b8', 'image', '/assets/media/1773354598371-alfred06v-scaled-a8dff02c.jpg', null, null, array['alfred', 'alfred-10']::text[], true, 2, '2026-03-12T20:13:21.950271+00:00', '2026-03-12T20:13:21.950271+00:00'),
  ('3a7d0ea1-a72c-4351-a217-8528a8cb0201', 'ALFRED 10-24 kWh (9)', 'ALFRED 10-24 kWh (9)', null, null, 'c4ed887e-8599-45db-85b8-8d75597fa3c3', 'image', '/assets/media/1773354593595-alfred-10-24-kwh-9-576x1024-75059af7.jpg', null, null, '{}'::text[], true, 2, '2026-03-12T19:59:45.832044+00:00', '2026-03-12T19:59:45.832044+00:00'),
  ('456293db-4654-43db-b944-b9ac06dbdf83', 'IMG_7602', 'IMG_7602', null, null, '100bcb78-5a09-4ad7-9ab5-40b38cc72782', 'image', '/assets/media/1773354595730-img-7602-4c428af3.webp', null, null, '{}'::text[], true, 2, '2026-03-12T20:01:54.588466+00:00', '2026-03-12T20:01:54.588466+00:00'),
  ('69ce516d-2ff8-43c6-ba44-98b96c7d6e26', 'IMG_8947', 'IMG_8947', null, null, '849a050b-c76e-4141-8952-cddbf4516241', 'image', '/assets/media/1773354590184-img-8947-scaled-3252c922.webp', null, null, '{}'::text[], true, 2, '2026-03-12T19:57:53.657533+00:00', '2026-03-12T19:57:53.657533+00:00'),
  ('eeff501e-7eeb-40f3-bc29-091ee526c5c3', 'Intersolar 2024 - 2', 'Intersolar 2024 - 2', null, null, 'caea32cc-4892-411f-a3d2-f2700c90c1f4', 'image', '/assets/media/1773354610792-0i9a4714-683x1024-00ce3a40.webp', null, null, '{}'::text[], true, 2, '2026-03-12T20:32:19.486098+00:00', '2026-03-12T20:32:19.486098+00:00'),
  ('243a0759-9f40-4746-b5f1-a3cece0f1c1d', 'Intersolar 2025 - 2', 'Intersolar 2025 - 2', null, null, '447a5ca7-a145-4a1f-ad61-f7961aae4fa3', 'image', '/assets/media/1773354606853-2025-05-07-strong-energy-1110-scaled-38c94042.webp', null, null, '{}'::text[], true, 2, '2026-03-12T20:31:15.046899+00:00', '2026-03-12T20:31:15.046899+00:00'),
  ('ed094edd-a835-45f6-8785-04cfa12eec05', 'PV Magazine Mai 2025 – Heimspeicher ALFRED', 'PV Magazine May 2025 – Home Storage ALFRED', null, null, 'e5c90f87-f377-484d-9a7e-dcb5dd45fd3c', 'image', '/assets/media/1773354597539-pv-magazine-mai-2025-heimspeicher-alfred-scaled-e1749224243995-c5b3026a.jpg', null, null, '{}'::text[], true, 2, '2026-03-12T20:11:45.945947+00:00', '2026-03-12T20:11:45.945947+00:00'),
  ('019dd71f-bf2a-423b-a446-7275739bfa80', 'Schulung Köln 2025 - 2', 'Training Cologne 2025 - 2', null, null, '11a04997-b7f6-4af7-9329-3d54fda15d41', 'image', '/assets/media/1773354613758-schulung-koeln-2025-1-0c00ba02.webp', null, null, '{}'::text[], true, 2, '2026-03-12T20:34:32.582718+00:00', '2026-03-12T20:34:32.582718+00:00'),
  ('e5148fca-03f4-4918-afeb-52510f5bc7d4', 'Team Meeting 2', 'Team Meeting 2', null, null, '0b93258a-855d-4008-bf04-21b274e9f8fd', 'image', '/assets/media/1773354615154-img-7997-1024x768-bc4da2f3.webp', null, null, '{}'::text[], true, 2, '2026-03-12T20:34:56.812825+00:00', '2026-03-12T20:34:56.812825+00:00'),
  ('59d14c54-904b-4789-9186-84eaf6ccb578', 'Test Center 2', 'Test Center 2', null, null, '38c686d2-122e-4f93-af55-9f5cbeeeb13b', 'image', '/assets/media/1773354603885-img-8888-scaled-3735cab3.webp', null, null, '{}'::text[], true, 2, '2026-03-12T20:30:03.554316+00:00', '2026-03-12T20:30:03.554316+00:00'),
  ('82dcc0eb-a458-475e-87b6-c65019b1d533', 'ALFRED 06', 'ALFRED 06', null, null, 'c1e017e6-c9f3-4414-b80c-421e93bdb0b8', 'image', '/assets/media/1773354598662-alfred06-scaled-eae05b6a.jpg', null, null, array['alfred', 'alfred-10']::text[], true, 3, '2026-03-12T20:13:21.950271+00:00', '2026-03-12T20:13:21.950271+00:00'),
  ('33273a97-5f23-4411-9548-ff3016547583', 'ALFRED 10-24 kWh', 'ALFRED 10-24 kWh', null, null, 'c4ed887e-8599-45db-85b8-8d75597fa3c3', 'image', '/assets/media/1773354593818-alfred-10-24-kwh-576x1024-93fee69a.jpg', null, null, '{}'::text[], true, 3, '2026-03-12T19:59:45.832044+00:00', '2026-03-12T19:59:45.832044+00:00'),
  ('3d9de2e1-42b4-42dd-b667-0ad9281ba89e', 'IMG_7739', 'IMG_7739', null, null, '100bcb78-5a09-4ad7-9ab5-40b38cc72782', 'image', '/assets/media/1773354596321-img-7739-0e55aa26.webp', null, null, '{}'::text[], true, 3, '2026-03-12T20:01:54.588466+00:00', '2026-03-12T20:01:54.588466+00:00'),
  ('64418be8-4195-4877-8d56-89bbe33710fe', 'IMG_8960', 'IMG_8960', null, null, '849a050b-c76e-4141-8952-cddbf4516241', 'image', '/assets/media/1773354590561-img-8960-25562f04.webp', null, null, '{}'::text[], true, 3, '2026-03-12T19:57:53.657533+00:00', '2026-03-12T19:57:53.657533+00:00'),
  ('ff3f73ab-b12c-4010-a27b-c1811fd62076', 'Intersolar 2024 - 3', 'Intersolar 2024 - 3', null, null, 'caea32cc-4892-411f-a3d2-f2700c90c1f4', 'image', '/assets/media/1773354611097-0i9a4758-1024x683-5adc4fac.webp', null, null, '{}'::text[], true, 3, '2026-03-12T20:32:19.486098+00:00', '2026-03-12T20:32:19.486098+00:00'),
  ('5baecf1c-2a38-4ad6-ab4d-c918a23964a4', 'Intersolar 2025 - 3', 'Intersolar 2025 - 3', null, null, '447a5ca7-a145-4a1f-ad61-f7961aae4fa3', 'image', '/assets/media/1773354607176-2025-05-07-strong-energy-1114-scaled-e71dc193.webp', null, null, '{}'::text[], true, 3, '2026-03-12T20:31:15.046899+00:00', '2026-03-12T20:31:15.046899+00:00'),
  ('7fb5c54e-8662-4021-996b-57bd57a0d604', 'PV Magazine Mai 2025 – Produkte ALFRED', 'PV Magazine May 2025 – Products ALFRED', null, null, 'e5c90f87-f377-484d-9a7e-dcb5dd45fd3c', 'image', '/assets/media/1773354597805-pv-magazine-mai-produkte-alfred-2025-e1749224230515-00894ff1.jpg', null, null, '{}'::text[], true, 3, '2026-03-12T20:11:45.945947+00:00', '2026-03-12T20:11:45.945947+00:00'),
  ('4a7e0c62-9ddc-41a3-934f-e024d0ec1b27', 'Schulung Köln 2025 - 3', 'Training Cologne 2025 - 3', null, null, '11a04997-b7f6-4af7-9329-3d54fda15d41', 'image', '/assets/media/1773354614004-schulung-koeln-2025-2-scaled-ab7bfe86.webp', null, null, '{}'::text[], true, 3, '2026-03-12T20:34:32.582718+00:00', '2026-03-12T20:34:32.582718+00:00'),
  ('6068ff9d-36d5-42f5-82fd-7bc517d1dd44', 'Team Meeting 3', 'Team Meeting 3', null, null, '0b93258a-855d-4008-bf04-21b274e9f8fd', 'image', '/assets/media/1773354615393-img-8881-1024x768-4e2d0ca9.webp', null, null, '{}'::text[], true, 3, '2026-03-12T20:34:56.812825+00:00', '2026-03-12T20:34:56.812825+00:00'),
  ('8f7dd24c-ee09-40b9-9767-baa2058bbca9', 'Test Center Berlin 1', 'Test Center Berlin 1', null, null, '38c686d2-122e-4f93-af55-9f5cbeeeb13b', 'image', '/assets/media/1773354604203-test-center-berlin-1-db5c6885.webp', null, null, '{}'::text[], true, 3, '2026-03-12T20:30:03.554316+00:00', '2026-03-12T20:30:03.554316+00:00'),
  ('a80978ef-419e-44e5-a908-2d4bd2f32623', 'ALFRED 04V', 'ALFRED 04V', null, null, 'c1e017e6-c9f3-4414-b80c-421e93bdb0b8', 'image', '/assets/media/1773354598985-alfred04v-scaled-90ec2a7c.jpg', null, null, array['alfred', 'alfred-10']::text[], true, 4, '2026-03-12T20:13:21.950271+00:00', '2026-03-12T20:13:21.950271+00:00'),
  ('0a261d1a-a923-4e9b-96cc-2f35885b58bd', 'ALFRED 10-24 kWh (7)', 'ALFRED 10-24 kWh (7)', null, null, 'c4ed887e-8599-45db-85b8-8d75597fa3c3', 'image', '/assets/media/1773354594045-alfred-10-24-kwh-7-576x1024-60c36c0a.jpg', null, null, '{}'::text[], true, 4, '2026-03-12T19:59:45.832044+00:00', '2026-03-12T19:59:45.832044+00:00'),
  ('d3ed9910-451e-4f19-ae12-f4bed135d753', 'IMG_8376', 'IMG_8376', null, null, '100bcb78-5a09-4ad7-9ab5-40b38cc72782', 'image', '/assets/media/1773354596591-img-8376-scaled-84e81ddf.webp', null, null, '{}'::text[], true, 4, '2026-03-12T20:01:54.588466+00:00', '2026-03-12T20:01:54.588466+00:00'),
  ('6bb1c42c-5fd5-4feb-adb1-63c967160f19', 'IMG_8967', 'IMG_8967', null, null, '849a050b-c76e-4141-8952-cddbf4516241', 'image', '/assets/media/1773354590819-img-8967-scaled-3039d983.webp', null, null, '{}'::text[], true, 4, '2026-03-12T19:57:53.657533+00:00', '2026-03-12T19:57:53.657533+00:00'),
  ('d34e24e6-a21a-480d-b7a3-3b48b3334984', 'Intersolar 2024 - 4', 'Intersolar 2024 - 4', null, null, 'caea32cc-4892-411f-a3d2-f2700c90c1f4', 'image', '/assets/media/1773354611341-0i9a4770-1024x683-ce0077dc.webp', null, null, '{}'::text[], true, 4, '2026-03-12T20:32:19.486098+00:00', '2026-03-12T20:32:19.486098+00:00'),
  ('d4d84e04-aaec-4e26-ad4e-fd0895fe6d11', 'Intersolar 2025 - 4', 'Intersolar 2025 - 4', null, null, '447a5ca7-a145-4a1f-ad61-f7961aae4fa3', 'image', '/assets/media/1773354607476-2025-05-07-strong-energy-1116-scaled-0ccf43ed.webp', null, null, '{}'::text[], true, 4, '2026-03-12T20:31:15.046899+00:00', '2026-03-12T20:31:15.046899+00:00'),
  ('55bd19fe-7e6f-476a-b233-a2155e639b5e', 'Schulung Köln 2025 - 4', 'Training Cologne 2025 - 4', null, null, '11a04997-b7f6-4af7-9329-3d54fda15d41', 'image', '/assets/media/1773354614375-schulung-koeln-2025-3-scaled-b6d354de.webp', null, null, '{}'::text[], true, 4, '2026-03-12T20:34:32.582718+00:00', '2026-03-12T20:34:32.582718+00:00'),
  ('905f9fbd-ad90-41ad-a3de-c7bc6214e72d', 'Test Center Berlin 05', 'Test Center Berlin 05', null, null, '38c686d2-122e-4f93-af55-9f5cbeeeb13b', 'image', '/assets/media/1773354604424-test-center-berlin-05-47450238.webp', null, null, '{}'::text[], true, 4, '2026-03-12T20:30:03.554316+00:00', '2026-03-12T20:30:03.554316+00:00'),
  ('2d70864c-c46f-44e5-9ae7-a3d615ec901c', 'ALFRED 05V', 'ALFRED 05V', null, null, 'c1e017e6-c9f3-4414-b80c-421e93bdb0b8', 'image', '/assets/media/1773354599254-alfred05v-scaled-f126af8c.jpg', null, null, array['alfred', 'alfred-10']::text[], true, 5, '2026-03-12T20:13:21.950271+00:00', '2026-03-12T20:13:21.950271+00:00'),
  ('318f9fcb-8879-4adc-9389-3d0e913133f4', 'ALFRED 10-24 kWh (6)', 'ALFRED 10-24 kWh (6)', null, null, 'c4ed887e-8599-45db-85b8-8d75597fa3c3', 'image', '/assets/media/1773354594275-alfred-10-24-kwh-6-576x1024-633de3cd.jpg', null, null, '{}'::text[], true, 5, '2026-03-12T19:59:45.832044+00:00', '2026-03-12T19:59:45.832044+00:00'),
  ('41a49cce-4c7c-464d-908d-c8ace638ccfe', 'IMG_8395', 'IMG_8395', null, null, '100bcb78-5a09-4ad7-9ab5-40b38cc72782', 'image', '/assets/media/1773354596988-img-8395-scaled-575dbb59.webp', null, null, '{}'::text[], true, 5, '2026-03-12T20:01:54.588466+00:00', '2026-03-12T20:01:54.588466+00:00'),
  ('ed48dac7-be46-43a7-897c-33570f15d5b9', 'IMG_8989', 'IMG_8989', null, null, '849a050b-c76e-4141-8952-cddbf4516241', 'image', '/assets/media/1773354591155-img-8989-scaled-f3258356.webp', null, null, '{}'::text[], true, 5, '2026-03-12T19:57:53.657533+00:00', '2026-03-12T19:57:53.657533+00:00'),
  ('5d5bfd5a-5b60-46c6-b608-0ddc4a2133da', 'Intersolar 2024 - 5', 'Intersolar 2024 - 5', null, null, 'caea32cc-4892-411f-a3d2-f2700c90c1f4', 'image', '/assets/media/1773354611561-0i9a4805-1024x683-12adb7f6.webp', null, null, '{}'::text[], true, 5, '2026-03-12T20:32:19.486098+00:00', '2026-03-12T20:32:19.486098+00:00'),
  ('7a6a09b0-14e3-4e76-9289-efe1b867e1f0', 'Intersolar 2025 - 5', 'Intersolar 2025 - 5', null, null, '447a5ca7-a145-4a1f-ad61-f7961aae4fa3', 'image', '/assets/media/1773354607838-2025-05-07-strong-energy-1122-scaled-b7e8d93c.webp', null, null, '{}'::text[], true, 5, '2026-03-12T20:31:15.046899+00:00', '2026-03-12T20:31:15.046899+00:00'),
  ('d06b0de8-797a-4a3d-a7a5-8c6258dc14ee', 'Schulung Köln 2025 - 5', 'Training Cologne 2025 - 5', null, null, '11a04997-b7f6-4af7-9329-3d54fda15d41', 'image', '/assets/media/1773354614634-schulung-koeln-2025-4-scaled-25cad4c3.webp', null, null, '{}'::text[], true, 5, '2026-03-12T20:34:32.582718+00:00', '2026-03-12T20:34:32.582718+00:00'),
  ('ce7aa15f-ca83-4163-8bc1-8a47f6abbbe8', 'Test Center Berlin 04', 'Test Center Berlin 04', null, null, '38c686d2-122e-4f93-af55-9f5cbeeeb13b', 'image', '/assets/media/1773354604673-test-center-berlin-04-484d7f2d.webp', null, null, '{}'::text[], true, 5, '2026-03-12T20:30:03.554316+00:00', '2026-03-12T20:30:03.554316+00:00'),
  ('e1588d74-4291-4aba-9d7a-15b73b95002c', 'ALFRED 05', 'ALFRED 05', null, null, 'c1e017e6-c9f3-4414-b80c-421e93bdb0b8', 'image', '/assets/media/1773354599516-alfred05-scaled-e1744297382892-ca2a5d12.jpg', null, null, array['alfred', 'alfred-10']::text[], true, 6, '2026-03-12T20:13:21.950271+00:00', '2026-03-12T20:13:21.950271+00:00'),
  ('40e6d892-9c06-4e05-a372-6cc6099b037c', 'ALFRED 10-24 kWh (5)', 'ALFRED 10-24 kWh (5)', null, null, 'c4ed887e-8599-45db-85b8-8d75597fa3c3', 'image', '/assets/media/1773354594493-alfred-10-24-kwh-5-576x1024-edcfce7d.jpg', null, null, '{}'::text[], true, 6, '2026-03-12T19:59:45.832044+00:00', '2026-03-12T19:59:45.832044+00:00'),
  ('70a713a9-670c-4142-835c-c22ce0f35127', 'IMG_8995', 'IMG_8995', null, null, '849a050b-c76e-4141-8952-cddbf4516241', 'image', '/assets/media/1773354591420-img-8995-scaled-d0d5626a.webp', null, null, '{}'::text[], true, 6, '2026-03-12T19:57:53.657533+00:00', '2026-03-12T19:57:53.657533+00:00'),
  ('93a8a56f-1fb9-4da3-8c78-42dbfab1ba9e', 'Intersolar 2024 - 6', 'Intersolar 2024 - 6', null, null, 'caea32cc-4892-411f-a3d2-f2700c90c1f4', 'image', '/assets/media/1773354611792-0i9a4813-1024x683-83004fd5.webp', null, null, '{}'::text[], true, 6, '2026-03-12T20:32:19.486098+00:00', '2026-03-12T20:32:19.486098+00:00'),
  ('69d11986-d248-4324-b52e-a2483f7d14db', 'Intersolar 2025 - 6', 'Intersolar 2025 - 6', null, null, '447a5ca7-a145-4a1f-ad61-f7961aae4fa3', 'image', '/assets/media/1773354608147-2025-05-07-strong-energy-1138-scaled-44633b0c.webp', null, null, '{}'::text[], true, 6, '2026-03-12T20:31:15.046899+00:00', '2026-03-12T20:31:15.046899+00:00'),
  ('3bead5d8-cf06-45a6-a276-a6b4b6992aa5', 'Test Center Berlin 03', 'Test Center Berlin 03', null, null, '38c686d2-122e-4f93-af55-9f5cbeeeb13b', 'image', '/assets/media/1773354605045-test-center-berlin-03-c528e1c9.webp', null, null, '{}'::text[], true, 6, '2026-03-12T20:30:03.554316+00:00', '2026-03-12T20:30:03.554316+00:00'),
  ('391c843d-193e-4386-9c13-46a7ee9bb4fa', 'ALFRED 03V', 'ALFRED 03V', null, null, 'c1e017e6-c9f3-4414-b80c-421e93bdb0b8', 'image', '/assets/media/1773354599784-alfred03v-scaled-dd5125ce.jpg', null, null, array['alfred', 'alfred-10']::text[], true, 7, '2026-03-12T20:13:21.950271+00:00', '2026-03-12T20:13:21.950271+00:00'),
  ('a9dadcba-391d-46ea-9b6e-e2559d6cb239', 'ALFRED 10-24 kWh (4)', 'ALFRED 10-24 kWh (4)', null, null, 'c4ed887e-8599-45db-85b8-8d75597fa3c3', 'image', '/assets/media/1773354594705-alfred-10-24-kwh-4-576x1024-5852b7d0.jpg', null, null, '{}'::text[], true, 7, '2026-03-12T19:59:45.832044+00:00', '2026-03-12T19:59:45.832044+00:00'),
  ('2d8f4e9d-0c8e-401e-969c-2994a50227d2', 'IMG_8996', 'IMG_8996', null, null, '849a050b-c76e-4141-8952-cddbf4516241', 'image', '/assets/media/1773354591697-img-8996-scaled-82fb0095.webp', null, null, '{}'::text[], true, 7, '2026-03-12T19:57:53.657533+00:00', '2026-03-12T19:57:53.657533+00:00'),
  ('7cc92d8c-0451-4b16-a68a-9de4d2a17255', 'Intersolar 2024 - 7', 'Intersolar 2024 - 7', null, null, 'caea32cc-4892-411f-a3d2-f2700c90c1f4', 'image', '/assets/media/1773354612023-0i9a4814-1024x683-d15a4966.webp', null, null, '{}'::text[], true, 7, '2026-03-12T20:32:19.486098+00:00', '2026-03-12T20:32:19.486098+00:00'),
  ('03a4d876-7543-4225-a611-16c9a2859fee', 'Intersolar 2025 - 7', 'Intersolar 2025 - 7', null, null, '447a5ca7-a145-4a1f-ad61-f7961aae4fa3', 'image', '/assets/media/1773354608452-2025-05-07-strong-energy-1141-scaled-fa7f014a.webp', null, null, '{}'::text[], true, 7, '2026-03-12T20:31:15.046899+00:00', '2026-03-12T20:31:15.046899+00:00'),
  ('57dfd9f4-52e2-4808-b501-8024807f8010', 'Test Center Köln', 'Test Center Cologne', null, null, '38c686d2-122e-4f93-af55-9f5cbeeeb13b', 'image', '/assets/media/1773354605291-test-center-koeln-scaled-e2196e3d.webp', null, null, '{}'::text[], true, 7, '2026-03-12T20:30:03.554316+00:00', '2026-03-12T20:30:03.554316+00:00'),
  ('6df620cc-6d8a-417b-8b8a-3e91431447d9', 'ALFRED 04', 'ALFRED 04', null, null, 'c1e017e6-c9f3-4414-b80c-421e93bdb0b8', 'image', '/assets/media/1773354600048-alfred04-scaled-a58e6797.jpg', null, null, array['alfred', 'alfred-10']::text[], true, 8, '2026-03-12T20:13:21.950271+00:00', '2026-03-12T20:13:21.950271+00:00'),
  ('7140ca18-65a2-47eb-954c-791f27c79a9e', 'ALFRED 10-24 kWh (3)', 'ALFRED 10-24 kWh (3)', null, null, 'c4ed887e-8599-45db-85b8-8d75597fa3c3', 'image', '/assets/media/1773354594932-alfred-10-24-kwh-3-576x1024-cb40c15d.jpg', null, null, '{}'::text[], true, 8, '2026-03-12T19:59:45.832044+00:00', '2026-03-12T19:59:45.832044+00:00'),
  ('94b39dc9-b5fb-4d4a-b17e-fafe641dbe60', 'IMG_8991', 'IMG_8991', null, null, '849a050b-c76e-4141-8952-cddbf4516241', 'image', '/assets/media/1773354592023-img-8991-scaled-65e3b47f.webp', null, null, '{}'::text[], true, 8, '2026-03-12T19:57:53.657533+00:00', '2026-03-12T19:57:53.657533+00:00'),
  ('f6c28217-1ff3-4ae2-b042-31d0acce5e3c', 'Intersolar 2024 - 8', 'Intersolar 2024 - 8', null, null, 'caea32cc-4892-411f-a3d2-f2700c90c1f4', 'image', '/assets/media/1773354612244-0i9a4823-1024x683-d0bd1641.webp', null, null, '{}'::text[], true, 8, '2026-03-12T20:32:19.486098+00:00', '2026-03-12T20:32:19.486098+00:00'),
  ('e90ff73b-4a0c-4015-9068-5dae37c1081b', 'Intersolar 2025 - 8', 'Intersolar 2025 - 8', null, null, '447a5ca7-a145-4a1f-ad61-f7961aae4fa3', 'image', '/assets/media/1773354608781-2025-05-07-strong-energy-1149-scaled-2f7152b8.webp', null, null, '{}'::text[], true, 8, '2026-03-12T20:31:15.046899+00:00', '2026-03-12T20:31:15.046899+00:00'),
  ('b8321c4e-5af3-49be-aaed-e24e3916e82f', 'Test Center Berlin', 'Test Center Berlin', null, null, '38c686d2-122e-4f93-af55-9f5cbeeeb13b', 'image', '/assets/media/1773354605630-test-center-berlin-scaled-476efc68.webp', null, null, '{}'::text[], true, 8, '2026-03-12T20:30:03.554316+00:00', '2026-03-12T20:30:03.554316+00:00'),
  ('beb556f6-cc89-4376-8c54-58e9de87edc0', 'ALFRED 02', 'ALFRED 02', null, null, 'c1e017e6-c9f3-4414-b80c-421e93bdb0b8', 'image', '/assets/media/1773354600508-alfred02-scaled-e1744297296762-8d1797fc.jpg', null, null, array['alfred', 'alfred-10']::text[], true, 9, '2026-03-12T20:13:21.950271+00:00', '2026-03-12T20:13:21.950271+00:00'),
  ('5cc4c7aa-1784-4163-9ed1-af264d961a60', 'ALFRED 10-24 kWh (2)', 'ALFRED 10-24 kWh (2)', null, null, 'c4ed887e-8599-45db-85b8-8d75597fa3c3', 'image', '/assets/media/1773354595173-alfred-10-24-kwh-2-576x1024-c26f5688.jpg', null, null, '{}'::text[], true, 9, '2026-03-12T19:59:45.832044+00:00', '2026-03-12T19:59:45.832044+00:00'),
  ('4d87ae55-c1be-4a52-a51d-501e83f6585e', 'Installation T&S Solar', 'Installation T&S Solar', null, null, '849a050b-c76e-4141-8952-cddbf4516241', 'image', '/assets/media/1773354592250-installation-ts-solar-f706c690.webp', null, null, '{}'::text[], true, 9, '2026-03-12T19:57:53.657533+00:00', '2026-03-12T19:57:53.657533+00:00'),
  ('9f0d57c5-54be-494c-84ed-2686c4d9ea0b', 'Intersolar 2024 - 9', 'Intersolar 2024 - 9', null, null, 'caea32cc-4892-411f-a3d2-f2700c90c1f4', 'image', '/assets/media/1773354612461-ac1a5857-683x1024-69f870dc.webp', null, null, '{}'::text[], true, 9, '2026-03-12T20:32:19.486098+00:00', '2026-03-12T20:32:19.486098+00:00'),
  ('fafd7814-c523-4cd5-9614-48b6e5bb1a02', 'Intersolar 2025 - 9', 'Intersolar 2025 - 9', null, null, '447a5ca7-a145-4a1f-ad61-f7961aae4fa3', 'image', '/assets/media/1773354609305-2025-05-07-strong-energy-1201-scaled-e1e4d3ee.webp', null, null, '{}'::text[], true, 9, '2026-03-12T20:31:15.046899+00:00', '2026-03-12T20:31:15.046899+00:00'),
  ('8eec768a-dff6-4e68-a34e-54d623a7a36a', 'Test Center Berlin 06', 'Test Center Berlin 06', null, null, '38c686d2-122e-4f93-af55-9f5cbeeeb13b', 'image', '/assets/media/1773354605963-test-center-berlin-06-scaled-e1749223824187-e3af0576.webp', null, null, '{}'::text[], true, 9, '2026-03-12T20:30:03.554316+00:00', '2026-03-12T20:30:03.554316+00:00'),
  ('0533b2a8-7a82-4c3e-bd85-4eb9699ce047', 'ALFRED 02V', 'ALFRED 02V', null, null, 'c1e017e6-c9f3-4414-b80c-421e93bdb0b8', 'image', '/assets/media/1773354600807-alfred02v-scaled-fbad82a2.jpg', null, null, array['alfred', 'alfred-10']::text[], true, 10, '2026-03-12T20:13:21.950271+00:00', '2026-03-12T20:13:21.950271+00:00'),
  ('e2601542-1ff6-456c-b0ff-bc7190325674', 'Intersolar 2024 - 10', 'Intersolar 2024 - 10', null, null, 'caea32cc-4892-411f-a3d2-f2700c90c1f4', 'image', '/assets/media/1773354612684-ac1a5793-683x1024-bedb75d9.webp', null, null, '{}'::text[], true, 10, '2026-03-12T20:32:19.486098+00:00', '2026-03-12T20:32:19.486098+00:00'),
  ('b9f34981-b07e-41ba-ab53-66777dac28c8', 'Intersolar 2025 - 10', 'Intersolar 2025 - 10', null, null, '447a5ca7-a145-4a1f-ad61-f7961aae4fa3', 'image', '/assets/media/1773354609572-2025-05-07-strong-energy-1240-scaled-47e7c5ff.webp', null, null, '{}'::text[], true, 10, '2026-03-12T20:31:15.046899+00:00', '2026-03-12T20:31:15.046899+00:00'),
  ('40c3a3ed-b84c-4968-8826-86480bb5a9f9', 'T&S Solar ALFRED 10-12 (1)', 'T&S Solar ALFRED 10-12 (1)', null, null, '849a050b-c76e-4141-8952-cddbf4516241', 'image', '/assets/media/1773354592532-ts-solar-alfred-10-12-1-23dbb414.webp', null, null, '{}'::text[], true, 10, '2026-03-12T19:57:53.657533+00:00', '2026-03-12T19:57:53.657533+00:00'),
  ('57bf724a-d251-472a-8cae-127d62cf022f', 'Test Center Team Berlin', 'Test Center Team Berlin', null, null, '38c686d2-122e-4f93-af55-9f5cbeeeb13b', 'image', '/assets/media/1773354606294-test-center-team-berlin-220cbd46.webp', null, null, '{}'::text[], true, 10, '2026-03-12T20:30:03.554316+00:00', '2026-03-12T20:30:03.554316+00:00'),
  ('c1873f7f-41c3-4625-b451-ff4e5c70f358', 'ALFRED 03', 'ALFRED 03', null, null, 'c1e017e6-c9f3-4414-b80c-421e93bdb0b8', 'image', '/assets/media/1773354601936-alfred03-ea7a27c0.png', null, null, array['alfred', 'alfred-10']::text[], true, 11, '2026-03-12T20:13:21.950271+00:00', '2026-03-12T20:13:21.950271+00:00'),
  ('2d41eafe-63d3-4526-aa23-7d8920a16577', 'Intersolar 2024 - 11', 'Intersolar 2024 - 11', null, null, 'caea32cc-4892-411f-a3d2-f2700c90c1f4', 'image', '/assets/media/1773354612934-ac1a5821-1024x683-8223a8d0.webp', null, null, '{}'::text[], true, 11, '2026-03-12T20:32:19.486098+00:00', '2026-03-12T20:32:19.486098+00:00'),
  ('22b867b7-5f2c-4515-b4d4-fc3fc8d33a04', 'Intersolar 2025 - 11', 'Intersolar 2025 - 11', null, null, '447a5ca7-a145-4a1f-ad61-f7961aae4fa3', 'image', '/assets/media/1773354609876-2025-05-07-strong-energy-1253-scaled-b47265a5.webp', null, null, '{}'::text[], true, 11, '2026-03-12T20:31:15.046899+00:00', '2026-03-12T20:31:15.046899+00:00'),
  ('e5f1aedc-16cc-4203-a432-4ae218cbbf73', 'T&S Solar ALFRED 10-12 (3)', 'T&S Solar ALFRED 10-12 (3)', null, null, '849a050b-c76e-4141-8952-cddbf4516241', 'image', '/assets/media/1773354592773-ts-solar-alfred-10-12-3-e536553a.webp', null, null, '{}'::text[], true, 11, '2026-03-12T19:57:53.657533+00:00', '2026-03-12T19:57:53.657533+00:00'),
  ('9bfb6ddb-b5df-460f-8e0b-b0b05b505478', 'Intersolar 2024 - 12', 'Intersolar 2024 - 12', null, null, 'caea32cc-4892-411f-a3d2-f2700c90c1f4', 'image', '/assets/media/1773354613207-ac1a5844-683x1024-17f58003.webp', null, null, '{}'::text[], true, 12, '2026-03-12T20:32:19.486098+00:00', '2026-03-12T20:32:19.486098+00:00'),
  ('484c06f0-e3f4-4e8b-aeb1-9b3e3ccb0e7c', 'Intersolar 2025 - 12', 'Intersolar 2025 - 12', null, null, '447a5ca7-a145-4a1f-ad61-f7961aae4fa3', 'image', '/assets/media/1773354610240-img-9369-scaled-d6df8506.webp', null, null, '{}'::text[], true, 12, '2026-03-12T20:31:15.046899+00:00', '2026-03-12T20:31:15.046899+00:00'),
  ('fb122d02-715d-416e-85cd-ae751ceb431e', 'T&S Solar ALFRED 10-12 (2)', 'T&S Solar ALFRED 10-12 (2)', null, null, '849a050b-c76e-4141-8952-cddbf4516241', 'image', '/assets/media/1773354593103-ts-solar-alfred-10-12-2-scaled-e1a45ebc.webp', null, null, '{}'::text[], true, 12, '2026-03-12T19:57:53.657533+00:00', '2026-03-12T19:57:53.657533+00:00')
on conflict (id) do update set
  title_de = excluded.title_de,
  title_en = excluded.title_en,
  description_de = excluded.description_de,
  description_en = excluded.description_en,
  category_id = excluded.category_id,
  media_type = excluded.media_type,
  file_url = excluded.file_url,
  video_url = excluded.video_url,
  thumbnail_url = excluded.thumbnail_url,
  product_slugs = excluded.product_slugs,
  is_published = excluded.is_published,
  sort_order = excluded.sort_order,
  updated_at = excluded.updated_at;

insert into public.blog_posts (id, title, slug, excerpt, content, category, author, tags, cover_image_url, is_published, is_featured, published_at, scheduled_at, reading_time_minutes, created_at, updated_at, language, translation_group_id, author_id)
values
  ('e6f30ce1-d712-41b5-bc79-fbc101ed9088', 'Die Vorteile einer Switch Box Integration in Kombination mit ALFRED', 'vorteile-switch-box-integration-alfred', 'Im heutigen Blog Beitrag wollen wir uns dem Thema Switch Box widmen und haben dafür die wichtigsten Vorteile zusammengefasst.', 'Im heutigen Blog Beitrag wollen wir uns dem Thema Switch Box widmen und haben dafür die wichtigsten Vorteile zusammengefasst.

## Die 4 wichtigsten Vorteile der Switch Box

1. **Vorkonfektionierte, integrierte Lösung** – vormontiert mit AC-Kabeln, RS485-Smartmeter, Leitungsschutzschaltern (3×32 A), einem direktmessenden 80 A-Smartmeter und einem automatischen Umschalter (Transfer Switch) für den Backup-Ausgang; keine zusätzlichen Einbauten nötig.

2. **Automatischer Backup-Betrieb** – sichert kritische Lasten bei Stromausfall und übernimmt die Versorgung nahtlos zwischen Netz und Batterie.

3. **Einfache und schnelle Installation** – vorverdrahtet, minimale Umbauten an der Hausverteilung nötig, keine zusätzlichen Sicherungen oder Smartmeter erforderlich.

4. **Kompakt und platzsparend** – erhöht die Bauhöhe des ALFRED All-in-One nur um 240 mm und ersetzt externe Mess- oder Schutzeinrichtungen.

Zusammengefasst: Die Switch Box macht die Installation einfacher, die Stromversorgung sicherer und sorgt dafür, dass du auch bei einem Stromausfall gut versorgt bist.', 'Produkte', 'Fabian Patterson, Michael Müller', array['Switch Box', 'ALFRED', 'Backup', 'Installation']::text[], '/assets/blog/switchbox-388cdaab.jfif', true, false, '2025-09-15T10:00:00+00:00', null, 1, '2026-02-25T09:29:48.815856+00:00', '2026-02-25T09:29:48.815856+00:00', 'de', '5c13f07f-0d92-41eb-98f6-ce5853d8a0d8', null),
  ('d74494d8-b663-4d10-9715-1cab04482f57', 'Alfred 10 – Der smarte All-in-One Batteriespeicher für eine nachhaltige Energiezukunft', 'alfred-10-der-smarte-all-in-one-batteriespeicher', 'In einer Welt, in der nachhaltige Energiequellen immer wichtiger werden, bietet der Alfred 10 von Strong Energy eine innovative und leistungsstarke Speicherlösung für Haushalte und Unternehmen.', 'In einer Welt, in der nachhaltige Energiequellen immer wichtiger werden, bietet der **[Alfred 10](/de/produkte/solaranlagen/alfred-10)** von **Strong Energy** eine innovative und leistungsstarke Speicherlösung für Haushalte und Unternehmen. Dieses **modulare All-in-One Energiespeichersystem** kombiniert Effizienz, Flexibilität und modernes Design und setzt damit neue Maßstäbe in der Energieversorgung.

[Jetzt Angebot für den Alfred 10 anfragen](/de/produkte/solaranlagen/alfred-10?anfrage=true)

## Maximale Leistung und Flexibilität

Mit einer **Speicherkapazität von 12 bis 24 kWh** und der Möglichkeit, bis zu **10 Batteriemodule** zu integrieren, passt sich der Alfred 10 individuell den Anforderungen seiner Nutzer an. Dank des leistungsstarken **10 kW-Wechselrichters** bleibt die Stromversorgung auch im **Notstrombetrieb** stabil – ein entscheidender Vorteil für Haushalte und Betriebe, die auf eine zuverlässige Energiequelle angewiesen sind.

## Schnelle und einfache Installation

Ein weiteres Highlight ist der **schnelle Aufbau**: Mit einer **Tiefe von nur 24 cm** lässt sich der Batteriespeicher platzsparend und unkompliziert installieren – in weniger als **45 Minuten**! Die **IP65-Schutzklasse** gewährleistet eine sichere Nutzung sowohl **drinnen als auch im Außenbereich**.

## Intelligente Steuerung per App

Durch die Integration der **[Strong Energy 360 App](/de/360-app)** können Nutzer ihren Alfred 10 bequem überwachen und steuern. Die intuitive Benutzeroberfläche ermöglicht eine einfache Verwaltung des Energiespeichersystems und sorgt für maximale Transparenz im Stromverbrauch.

## Design trifft auf Innovation

Nicht nur technisch, sondern auch optisch überzeugt der Alfred 10. Das moderne und funktionale Design wurde mit dem renommierten **Red Dot Award 2024** ausgezeichnet. Dies unterstreicht die perfekte Verbindung von **ästhetischer Gestaltung und technologischer Exzellenz**.

## Zukunftsausblick 2025

Die Erfolgsgeschichte von Alfred 10 geht weiter: Die Integration mit **Solar Manager** wird bis zur **Intersolar 2025** finalisiert und präsentiert. Neben Haushalten und Unternehmen in Deutschland profitieren bald auch **Installateure in der Schweiz und Österreich** von der innovativen Speichertechnologie.

**David Norris, Sales Director von Strong Energy, bestätigt:** „Wir bauen unser **Installateur-Netzwerk** in der D/A/CH-Region kontinuierlich aus. Woche für Woche werden mehr Menschen Teil der Strong Energy Family. Es sind spannende Zeiten für uns alle."

## Keyfacts auf einen Blick

- ✔ **10 kW Wechselrichterleistung** auch im Notstrombetrieb (schwarzstartfähig)
- ✔ **Hohe Schutzklasse IP65** – für den Innen- und Außenbereich geeignet
- ✔ **Flexibel skalierbar** mit 12 – 24 kWh Batteriespeicher
- ✔ **AC-Kopplung** für einfache Integration ins bestehende System
- ✔ **12 Jahre Garantie** mit 10.000 Ladezyklen
- ✔ **Schneller modularer Aufbau** – Installation in unter 45 Minuten
- ✔ **[Strong Energy 360 App](/de/360-app)** für intelligente Steuerung und Überwachung
- ✔ **Red Dot Award 2024 Gewinner** – ausgezeichnetes Design
- ✔ **Deutscher Support und gratis Hotline**

---

**Interesse geweckt?** Der Alfred 10 ist die perfekte Lösung für alle, die auf nachhaltige Energieversorgung setzen.

[Jetzt unverbindliches Angebot anfragen](/de/produkte/solaranlagen/alfred-10?anfrage=true)', 'Produkte', 'Strong Energy', array['Alfred 10', 'Batteriespeicher', 'All-in-One', 'Solarenergie']::text[], '/assets/blog/alfred-05-084a591d.jpg', true, true, '2025-04-25T10:00:00+00:00', null, 2, '2026-02-25T09:29:48.815856+00:00', '2026-02-25T09:29:48.815856+00:00', 'de', '775fb99d-ef5c-4630-86b0-65ed460fe84e', null)
on conflict (id) do update set
  title = excluded.title,
  slug = excluded.slug,
  excerpt = excluded.excerpt,
  content = excluded.content,
  category = excluded.category,
  author = excluded.author,
  tags = excluded.tags,
  cover_image_url = excluded.cover_image_url,
  is_published = excluded.is_published,
  is_featured = excluded.is_featured,
  published_at = excluded.published_at,
  scheduled_at = excluded.scheduled_at,
  reading_time_minutes = excluded.reading_time_minutes,
  updated_at = excluded.updated_at,
  language = excluded.language,
  translation_group_id = excluded.translation_group_id;

